-- AIPS Production Database Export
-- Generated: 2025-08-12T14:07:08.713Z

-- Clear existing data
DELETE FROM "ShiftAssignment";
DELETE FROM "OperatorCompetency"; 
DELETE FROM "SkillRequirement";
DELETE FROM "Changeover";
DELETE FROM "ScheduleBlock";
DELETE FROM "Order";
DELETE FROM "Product";
DELETE FROM "SKU";
DELETE FROM "Operator";
DELETE FROM "Skill";
DELETE FROM "ShiftPattern";
DELETE FROM "Holiday";
DELETE FROM "Workcenter";
DELETE FROM "Department";
DELETE FROM "Plant";

-- Reset sequences
ALTER SEQUENCE "Plant_id_seq" RESTART WITH 1;
ALTER SEQUENCE "Department_id_seq" RESTART WITH 1;
ALTER SEQUENCE "Workcenter_id_seq" RESTART WITH 1;
ALTER SEQUENCE "Holiday_id_seq" RESTART WITH 1;
ALTER SEQUENCE "SKU_id_seq" RESTART WITH 1;
ALTER SEQUENCE "Product_id_seq" RESTART WITH 1;
ALTER SEQUENCE "Order_id_seq" RESTART WITH 1;
ALTER SEQUENCE "ScheduleBlock_id_seq" RESTART WITH 1;
ALTER SEQUENCE "Changeover_id_seq" RESTART WITH 1;
ALTER SEQUENCE "Operator_id_seq" RESTART WITH 1;
ALTER SEQUENCE "Skill_id_seq" RESTART WITH 1;
ALTER SEQUENCE "OperatorCompetency_id_seq" RESTART WITH 1;
ALTER SEQUENCE "SkillRequirement_id_seq" RESTART WITH 1;
ALTER SEQUENCE "ShiftPattern_id_seq" RESTART WITH 1;
ALTER SEQUENCE "ShiftAssignment_id_seq" RESTART WITH 1;

INSERT INTO "Plant" (id, name, "tenantId") VALUES (10, 'AIPS Manufacturing Plant - Texas', 'default');
INSERT INTO "Department" (id, "plantId", name, "tenantId") VALUES (34, 10, 'Production Assembly', 'default');
INSERT INTO "Department" (id, "plantId", name, "tenantId") VALUES (35, 10, 'Quality Control', 'default');
INSERT INTO "Department" (id, "plantId", name, "tenantId") VALUES (36, 10, 'Packaging & Shipping', 'default');
INSERT INTO "Department" (id, "plantId", name, "tenantId") VALUES (37, 10, 'Maintenance', 'default');
INSERT INTO "Workcenter" (id, "plantId", "departmentId", "workcenterNo", name, "displayTitle", "defaultSchemeId", "minStaff", "gatingRules", "changeoverFamily", "tenantId") VALUES (46, 10, 34, 'LINE-001', 'Assembly Line A', 'High-Volume Assembly', NULL, 3, NULL, 'Electronics', 'default');
INSERT INTO "Workcenter" (id, "plantId", "departmentId", "workcenterNo", name, "displayTitle", "defaultSchemeId", "minStaff", "gatingRules", "changeoverFamily", "tenantId") VALUES (47, 10, 34, 'LINE-002', 'Assembly Line B', 'Precision Assembly', NULL, 4, NULL, 'Electronics', 'default');
INSERT INTO "Workcenter" (id, "plantId", "departmentId", "workcenterNo", name, "displayTitle", "defaultSchemeId", "minStaff", "gatingRules", "changeoverFamily", "tenantId") VALUES (48, 10, 34, 'LINE-003', 'Final Assembly', 'Integration & Testing', NULL, 2, NULL, 'Final', 'default');
INSERT INTO "Workcenter" (id, "plantId", "departmentId", "workcenterNo", name, "displayTitle", "defaultSchemeId", "minStaff", "gatingRules", "changeoverFamily", "tenantId") VALUES (49, 10, 35, 'QC-001', 'Quality Control Station', 'Inspection & Testing', NULL, 2, NULL, 'Testing', 'default');
INSERT INTO "Workcenter" (id, "plantId", "departmentId", "workcenterNo", name, "displayTitle", "defaultSchemeId", "minStaff", "gatingRules", "changeoverFamily", "tenantId") VALUES (50, 10, 36, 'PACK-001', 'Packaging Line', 'Package & Ship', NULL, 3, NULL, 'Packaging', 'default');
INSERT INTO "Skill" (id, code, name, category, "isCore", "isCertification", "expiryMonths") VALUES (107, 'ASSEMBLY', 'Electronic Assembly', 'Technical', true, false, NULL);
INSERT INTO "Skill" (id, code, name, category, "isCore", "isCertification", "expiryMonths") VALUES (108, 'SOLDERING', 'Precision Soldering', 'Technical', true, false, NULL);
INSERT INTO "Skill" (id, code, name, category, "isCore", "isCertification", "expiryMonths") VALUES (109, 'TESTING', 'Circuit Testing', 'Quality', false, false, NULL);
INSERT INTO "Skill" (id, code, name, category, "isCore", "isCertification", "expiryMonths") VALUES (110, 'PACKAGING', 'Product Packaging', 'Operations', false, false, NULL);
INSERT INTO "Skill" (id, code, name, category, "isCore", "isCertification", "expiryMonths") VALUES (111, 'FORKLIFT', 'Forklift Operation', 'Equipment', false, true, 36);
INSERT INTO "Skill" (id, code, name, category, "isCore", "isCertification", "expiryMonths") VALUES (112, 'QC_INSPECT', 'Quality Inspection', 'Quality', true, false, NULL);
INSERT INTO "Skill" (id, code, name, category, "isCore", "isCertification", "expiryMonths") VALUES (113, 'LEAN_SIX', 'Lean Six Sigma', 'Process', false, true, 24);
INSERT INTO "Skill" (id, code, name, category, "isCore", "isCertification", "expiryMonths") VALUES (114, 'SAFETY', 'Safety Procedures', 'Safety', true, true, 12);
INSERT INTO "ShiftPattern" (id, name, description, "startTime", "endTime", "hoursPerShift", "daysPattern", "isActive", "createdAt") VALUES (40, 'Day Shift', 'Standard day shift', '06:00', '14:00', 8, 'Monday,Tuesday,Wednesday,Thursday,Friday', true, '2025-08-12T14:06:22.264Z');
INSERT INTO "ShiftPattern" (id, name, description, "startTime", "endTime", "hoursPerShift", "daysPattern", "isActive", "createdAt") VALUES (41, 'Evening Shift', 'Evening production shift', '14:00', '22:00', 8, 'Monday,Tuesday,Wednesday,Thursday,Friday', true, '2025-08-12T14:06:22.264Z');
INSERT INTO "ShiftPattern" (id, name, description, "startTime", "endTime", "hoursPerShift", "daysPattern", "isActive", "createdAt") VALUES (42, 'Night Shift', 'Night maintenance shift', '22:00', '06:00', 8, 'Sunday,Monday,Tuesday,Wednesday,Thursday', true, '2025-08-12T14:06:22.264Z');
INSERT INTO "Operator" (id, "employeeId", "firstName", "lastName", email, phone, "hireDate", "departmentId", "isActive", "basePayRate", "emergencyContact", "tenantId", "createdAt", "updatedAt") VALUES (81, 'EMP001', 'Sarah', 'Johnson', 'sarah.johnson@aips.com', NULL, '2025-01-17T19:43:25.165Z', 34, true, 28.5, NULL, 'default', '2025-08-12T14:06:22.265Z', '2025-08-12T14:06:22.265Z');
INSERT INTO "Operator" (id, "employeeId", "firstName", "lastName", email, phone, "hireDate", "departmentId", "isActive", "basePayRate", "emergencyContact", "tenantId", "createdAt", "updatedAt") VALUES (82, 'EMP002', 'Mike', 'Rodriguez', 'mike.rodriguez@aips.com', NULL, '2023-07-03T20:28:31.987Z', 34, true, 32, NULL, 'default', '2025-08-12T14:06:22.266Z', '2025-08-12T14:06:22.266Z');
INSERT INTO "Operator" (id, "employeeId", "firstName", "lastName", email, phone, "hireDate", "departmentId", "isActive", "basePayRate", "emergencyContact", "tenantId", "createdAt", "updatedAt") VALUES (83, 'EMP003', 'Emily', 'Chen', 'emily.chen@aips.com', NULL, '2022-10-24T10:01:47.998Z', 35, true, 30.75, NULL, 'default', '2025-08-12T14:06:22.266Z', '2025-08-12T14:06:22.266Z');
INSERT INTO "Operator" (id, "employeeId", "firstName", "lastName", email, phone, "hireDate", "departmentId", "isActive", "basePayRate", "emergencyContact", "tenantId", "createdAt", "updatedAt") VALUES (84, 'EMP004', 'David', 'Thompson', 'david.thompson@aips.com', NULL, '2025-07-23T03:08:42.381Z', 34, true, 29.25, NULL, 'default', '2025-08-12T14:06:22.267Z', '2025-08-12T14:06:22.267Z');
INSERT INTO "Operator" (id, "employeeId", "firstName", "lastName", email, phone, "hireDate", "departmentId", "isActive", "basePayRate", "emergencyContact", "tenantId", "createdAt", "updatedAt") VALUES (85, 'EMP005', 'Lisa', 'Anderson', 'lisa.anderson@aips.com', NULL, '2024-02-10T01:53:38.041Z', 36, true, 26.5, NULL, 'default', '2025-08-12T14:06:22.267Z', '2025-08-12T14:06:22.267Z');
INSERT INTO "Operator" (id, "employeeId", "firstName", "lastName", email, phone, "hireDate", "departmentId", "isActive", "basePayRate", "emergencyContact", "tenantId", "createdAt", "updatedAt") VALUES (86, 'EMP006', 'Carlos', 'Martinez', 'carlos.martinez@aips.com', NULL, '2024-10-30T04:58:53.334Z', 34, true, 31, NULL, 'default', '2025-08-12T14:06:22.268Z', '2025-08-12T14:06:22.268Z');
INSERT INTO "Operator" (id, "employeeId", "firstName", "lastName", email, phone, "hireDate", "departmentId", "isActive", "basePayRate", "emergencyContact", "tenantId", "createdAt", "updatedAt") VALUES (87, 'EMP007', 'Jennifer', 'Taylor', 'jennifer.taylor@aips.com', NULL, '2023-03-11T19:20:59.806Z', 35, true, 33.25, NULL, 'default', '2025-08-12T14:06:22.268Z', '2025-08-12T14:06:22.268Z');
INSERT INTO "Operator" (id, "employeeId", "firstName", "lastName", email, phone, "hireDate", "departmentId", "isActive", "basePayRate", "emergencyContact", "tenantId", "createdAt", "updatedAt") VALUES (88, 'EMP008', 'Robert', 'Wilson', 'robert.wilson@aips.com', NULL, '2022-08-14T15:52:53.814Z', 37, true, 35, NULL, 'default', '2025-08-12T14:06:22.268Z', '2025-08-12T14:06:22.268Z');
INSERT INTO "Operator" (id, "employeeId", "firstName", "lastName", email, phone, "hireDate", "departmentId", "isActive", "basePayRate", "emergencyContact", "tenantId", "createdAt", "updatedAt") VALUES (89, 'EMP009', 'Amanda', 'Brown', 'amanda.brown@aips.com', NULL, '2024-03-20T07:30:48.862Z', 34, true, 27.75, NULL, 'default', '2025-08-12T14:06:22.269Z', '2025-08-12T14:06:22.269Z');
INSERT INTO "Operator" (id, "employeeId", "firstName", "lastName", email, phone, "hireDate", "departmentId", "isActive", "basePayRate", "emergencyContact", "tenantId", "createdAt", "updatedAt") VALUES (90, 'EMP010', 'Kevin', 'Davis', 'kevin.davis@aips.com', NULL, '2024-07-30T04:19:05.170Z', 36, true, 28, NULL, 'default', '2025-08-12T14:06:22.269Z', '2025-08-12T14:06:22.269Z');
INSERT INTO "SKU" (id, code, family, "familyColorHex", formula, "bottleSize", "caseSize") VALUES (58, 'CTRL-001', 'Controllers', '#2196F3', NULL, NULL, NULL);
INSERT INTO "SKU" (id, code, family, "familyColorHex", formula, "bottleSize", "caseSize") VALUES (59, 'SENS-002', 'Sensors', '#4CAF50', NULL, NULL, NULL);
INSERT INTO "SKU" (id, code, family, "familyColorHex", formula, "bottleSize", "caseSize") VALUES (60, 'MOTO-003', 'Motors', '#FF9800', NULL, NULL, NULL);
INSERT INTO "SKU" (id, code, family, "familyColorHex", formula, "bottleSize", "caseSize") VALUES (61, 'DISP-004', 'Displays', '#9C27B0', NULL, NULL, NULL);
INSERT INTO "SKU" (id, code, family, "familyColorHex", formula, "bottleSize", "caseSize") VALUES (62, 'CABL-005', 'Cables', '#607D8B', NULL, NULL, NULL);
INSERT INTO "SKU" (id, code, family, "familyColorHex", formula, "bottleSize", "caseSize") VALUES (63, 'POWR-006', 'Power', '#F44336', NULL, NULL, NULL);
INSERT INTO "SKU" (id, code, family, "familyColorHex", formula, "bottleSize", "caseSize") VALUES (64, 'SAFE-007', 'Safety', '#FF5722', NULL, NULL, NULL);
INSERT INTO "Product" (id, name, "skuId") VALUES (56, 'Product for CTRL-001', 58);
INSERT INTO "Product" (id, name, "skuId") VALUES (57, 'Product for SENS-002', 59);
INSERT INTO "Product" (id, name, "skuId") VALUES (58, 'Product for MOTO-003', 60);
INSERT INTO "Product" (id, name, "skuId") VALUES (59, 'Product for DISP-004', 61);
INSERT INTO "Product" (id, name, "skuId") VALUES (60, 'Product for CABL-005', 62);
INSERT INTO "Product" (id, name, "skuId") VALUES (61, 'Product for POWR-006', 63);
INSERT INTO "Product" (id, name, "skuId") VALUES (62, 'Product for SAFE-007', 64);
INSERT INTO "Order" (id, "orderNo", "skuId", qty, "runRateUph", "performanceLeverPct", priority, "dueAt", "workcenterId", "shopfloorTitle", "colorHex") VALUES (143, 'ORD-0001', 63, 524, 58, 87.19553869282109, 3, '2025-08-21T10:38:49.892Z', 48, 'Production Run 1', '#efbb58');
INSERT INTO "Order" (id, "orderNo", "skuId", qty, "runRateUph", "performanceLeverPct", priority, "dueAt", "workcenterId", "shopfloorTitle", "colorHex") VALUES (144, 'ORD-0002', 61, 116, 45, 102.3216762791329, 3, '2025-08-20T07:16:29.391Z', 49, 'Production Run 2', '#129497');
INSERT INTO "Order" (id, "orderNo", "skuId", qty, "runRateUph", "performanceLeverPct", priority, "dueAt", "workcenterId", "shopfloorTitle", "colorHex") VALUES (145, 'ORD-0003', 60, 97, 108, 96.82607997542735, 1, '2025-08-19T03:56:37.234Z', 48, 'Production Run 3', '#de900');
INSERT INTO "Order" (id, "orderNo", "skuId", qty, "runRateUph", "performanceLeverPct", priority, "dueAt", "workcenterId", "shopfloorTitle", "colorHex") VALUES (146, 'ORD-0004', 58, 84, 106, 102.5966891142638, 4, '2025-08-15T03:19:04.849Z', 46, 'Production Run 4', '#338c29');
INSERT INTO "Order" (id, "orderNo", "skuId", qty, "runRateUph", "performanceLeverPct", priority, "dueAt", "workcenterId", "shopfloorTitle", "colorHex") VALUES (147, 'ORD-0005', 64, 410, 115, 95.16785419388454, 4, '2025-08-21T02:39:36.652Z', 47, 'Production Run 5', '#bca281');
INSERT INTO "Order" (id, "orderNo", "skuId", qty, "runRateUph", "performanceLeverPct", priority, "dueAt", "workcenterId", "shopfloorTitle", "colorHex") VALUES (148, 'ORD-0006', 62, 237, 89, 96.56511665287412, 5, '2025-08-27T10:23:49.181Z', 48, 'Production Run 6', '#bd2bd9');
INSERT INTO "Order" (id, "orderNo", "skuId", qty, "runRateUph", "performanceLeverPct", priority, "dueAt", "workcenterId", "shopfloorTitle", "colorHex") VALUES (149, 'ORD-0007', 58, 94, 116, 86.86827052199415, 5, '2025-08-13T18:15:21.165Z', 48, 'Production Run 7', '#7ddf13');
INSERT INTO "Order" (id, "orderNo", "skuId", qty, "runRateUph", "performanceLeverPct", priority, "dueAt", "workcenterId", "shopfloorTitle", "colorHex") VALUES (150, 'ORD-0008', 59, 91, 89, 102.3067107049089, 1, '2025-08-17T10:26:55.572Z', 49, 'Production Run 8', '#5b4a95');
INSERT INTO "Order" (id, "orderNo", "skuId", qty, "runRateUph", "performanceLeverPct", priority, "dueAt", "workcenterId", "shopfloorTitle", "colorHex") VALUES (151, 'ORD-0009', 64, 469, 51, 96.75558333640062, 3, '2025-08-15T13:32:09.729Z', 50, 'Production Run 9', '#fc7fa8');
INSERT INTO "Order" (id, "orderNo", "skuId", qty, "runRateUph", "performanceLeverPct", priority, "dueAt", "workcenterId", "shopfloorTitle", "colorHex") VALUES (152, 'ORD-0010', 64, 231, 79, 98.1824915149303, 1, '2025-08-25T06:49:59.966Z', 47, 'Production Run 10', '#f2465e');
INSERT INTO "Order" (id, "orderNo", "skuId", qty, "runRateUph", "performanceLeverPct", priority, "dueAt", "workcenterId", "shopfloorTitle", "colorHex") VALUES (153, 'ORD-0011', 62, 526, 77, 102.133505299898, 2, '2025-08-13T23:41:56.382Z', 48, 'Production Run 11', '#5d6690');
INSERT INTO "Order" (id, "orderNo", "skuId", qty, "runRateUph", "performanceLeverPct", priority, "dueAt", "workcenterId", "shopfloorTitle", "colorHex") VALUES (154, 'ORD-0012', 59, 403, 86, 108.0505123217536, 1, '2025-08-26T19:14:47.675Z', 50, 'Production Run 12', '#9c5398');
INSERT INTO "Order" (id, "orderNo", "skuId", qty, "runRateUph", "performanceLeverPct", priority, "dueAt", "workcenterId", "shopfloorTitle", "colorHex") VALUES (155, 'ORD-0013', 62, 211, 90, 107.3371074786795, 5, '2025-08-14T03:00:42.240Z', 49, 'Production Run 13', '#ba69b5');
INSERT INTO "Order" (id, "orderNo", "skuId", qty, "runRateUph", "performanceLeverPct", priority, "dueAt", "workcenterId", "shopfloorTitle", "colorHex") VALUES (156, 'ORD-0014', 63, 191, 34, 113.68103766095, 4, '2025-08-18T18:52:44.866Z', 49, 'Production Run 14', '#ecfba0');
INSERT INTO "Order" (id, "orderNo", "skuId", qty, "runRateUph", "performanceLeverPct", priority, "dueAt", "workcenterId", "shopfloorTitle", "colorHex") VALUES (157, 'ORD-0015', 61, 430, 22, 113.4663075554129, 4, '2025-08-22T15:06:55.527Z', 48, 'Production Run 15', '#1142db');
INSERT INTO "Order" (id, "orderNo", "skuId", qty, "runRateUph", "performanceLeverPct", priority, "dueAt", "workcenterId", "shopfloorTitle", "colorHex") VALUES (158, 'ORD-0016', 63, 285, 67, 112.3263063313209, 3, '2025-08-22T10:21:45.547Z', 48, 'Production Run 16', '#9739a3');
INSERT INTO "Order" (id, "orderNo", "skuId", qty, "runRateUph", "performanceLeverPct", priority, "dueAt", "workcenterId", "shopfloorTitle", "colorHex") VALUES (159, 'ORD-0017', 59, 127, 55, 105.5289836343109, 1, '2025-08-16T12:29:08.438Z', 46, 'Production Run 17', '#212a2d');
INSERT INTO "Order" (id, "orderNo", "skuId", qty, "runRateUph", "performanceLeverPct", priority, "dueAt", "workcenterId", "shopfloorTitle", "colorHex") VALUES (160, 'ORD-0018', 62, 471, 67, 92.15292078738938, 5, '2025-08-14T06:21:21.090Z', 48, 'Production Run 18', '#8d646c');
INSERT INTO "Order" (id, "orderNo", "skuId", qty, "runRateUph", "performanceLeverPct", priority, "dueAt", "workcenterId", "shopfloorTitle", "colorHex") VALUES (161, 'ORD-0019', 64, 480, 40, 109.5793092273577, 5, '2025-08-19T07:36:37.070Z', 46, 'Production Run 19', '#b7d8a2');
INSERT INTO "Order" (id, "orderNo", "skuId", qty, "runRateUph", "performanceLeverPct", priority, "dueAt", "workcenterId", "shopfloorTitle", "colorHex") VALUES (162, 'ORD-0020', 58, 521, 74, 88.47715806720113, 2, '2025-08-22T15:16:11.299Z', 46, 'Production Run 20', '#f31144');
INSERT INTO "Order" (id, "orderNo", "skuId", qty, "runRateUph", "performanceLeverPct", priority, "dueAt", "workcenterId", "shopfloorTitle", "colorHex") VALUES (163, 'ORD-0021', 62, 487, 68, 94.34942292772021, 1, '2025-08-15T07:21:15.199Z', 50, 'Production Run 21', '#9df6f2');
INSERT INTO "Order" (id, "orderNo", "skuId", qty, "runRateUph", "performanceLeverPct", priority, "dueAt", "workcenterId", "shopfloorTitle", "colorHex") VALUES (164, 'ORD-0022', 60, 266, 86, 106.8929612156072, 4, '2025-08-15T03:39:11.725Z', 49, 'Production Run 22', '#a79a2');
INSERT INTO "Order" (id, "orderNo", "skuId", qty, "runRateUph", "performanceLeverPct", priority, "dueAt", "workcenterId", "shopfloorTitle", "colorHex") VALUES (165, 'ORD-0023', 59, 290, 113, 111.3000698852774, 4, '2025-08-24T15:30:06.774Z', 49, 'Production Run 23', '#db2644');
INSERT INTO "Order" (id, "orderNo", "skuId", qty, "runRateUph", "performanceLeverPct", priority, "dueAt", "workcenterId", "shopfloorTitle", "colorHex") VALUES (166, 'ORD-0024', 60, 62, 47, 98.3860603329896, 5, '2025-08-23T06:36:03.391Z', 50, 'Production Run 24', '#75bf95');
INSERT INTO "Order" (id, "orderNo", "skuId", qty, "runRateUph", "performanceLeverPct", priority, "dueAt", "workcenterId", "shopfloorTitle", "colorHex") VALUES (167, 'ORD-0025', 61, 138, 103, 112.695258562981, 4, '2025-08-24T13:25:16.338Z', 49, 'Production Run 25', '#41c55f');
INSERT INTO "ScheduleBlock" (id, "workcenterId", "orderId", "startAt", "endAt") VALUES (120, 48, 143, '2025-08-12T10:03:40.780Z', '2025-08-12T19:05:44.917Z');
INSERT INTO "ScheduleBlock" (id, "workcenterId", "orderId", "startAt", "endAt") VALUES (121, 49, 144, '2025-08-06T04:46:46.824Z', '2025-08-06T07:21:26.824Z');
INSERT INTO "ScheduleBlock" (id, "workcenterId", "orderId", "startAt", "endAt") VALUES (122, 48, 145, '2025-08-10T23:24:02.369Z', '2025-08-11T00:24:02.369Z');
INSERT INTO "ScheduleBlock" (id, "workcenterId", "orderId", "startAt", "endAt") VALUES (123, 46, 146, '2025-08-09T23:07:34.835Z', '2025-08-10T00:07:34.835Z');
INSERT INTO "ScheduleBlock" (id, "workcenterId", "orderId", "startAt", "endAt") VALUES (124, 47, 147, '2025-08-06T05:35:56.281Z', '2025-08-06T09:09:51.063Z');
INSERT INTO "ScheduleBlock" (id, "workcenterId", "orderId", "startAt", "endAt") VALUES (125, 48, 148, '2025-08-09T09:30:23.644Z', '2025-08-09T12:10:10.160Z');
INSERT INTO "ScheduleBlock" (id, "workcenterId", "orderId", "startAt", "endAt") VALUES (126, 48, 149, '2025-08-05T22:43:14.957Z', '2025-08-05T23:43:14.957Z');
INSERT INTO "ScheduleBlock" (id, "workcenterId", "orderId", "startAt", "endAt") VALUES (127, 49, 150, '2025-08-07T08:48:47.813Z', '2025-08-07T09:50:08.711Z');
INSERT INTO "ScheduleBlock" (id, "workcenterId", "orderId", "startAt", "endAt") VALUES (128, 50, 151, '2025-08-06T21:57:27.479Z', '2025-08-07T07:09:13.361Z');
INSERT INTO "ScheduleBlock" (id, "workcenterId", "orderId", "startAt", "endAt") VALUES (129, 47, 152, '2025-08-10T20:52:26.912Z', '2025-08-10T23:47:53.494Z');
INSERT INTO "ScheduleBlock" (id, "workcenterId", "orderId", "startAt", "endAt") VALUES (130, 48, 153, '2025-08-12T10:32:51.726Z', '2025-08-12T17:22:43.933Z');
INSERT INTO "ScheduleBlock" (id, "workcenterId", "orderId", "startAt", "endAt") VALUES (131, 50, 154, '2025-08-08T03:35:17.073Z', '2025-08-08T08:16:26.840Z');
INSERT INTO "ScheduleBlock" (id, "workcenterId", "orderId", "startAt", "endAt") VALUES (132, 49, 155, '2025-08-10T16:06:56.583Z', '2025-08-10T18:27:36.583Z');
INSERT INTO "ScheduleBlock" (id, "workcenterId", "orderId", "startAt", "endAt") VALUES (133, 49, 156, '2025-08-06T23:45:36.521Z', '2025-08-07T05:22:40.050Z');
INSERT INTO "ScheduleBlock" (id, "workcenterId", "orderId", "startAt", "endAt") VALUES (134, 48, 157, '2025-08-07T02:45:36.905Z', '2025-08-07T22:18:20.541Z');
INSERT INTO "Changeover" (id, "workcenterId", "fromBlockId", "toBlockId", "typeCode", "plannedMinutes", "includeInOee", "complexityTier") VALUES (25, 48, 122, 120, 'CO-2', 28, true, 'Complex');
INSERT INTO "Changeover" (id, "workcenterId", "fromBlockId", "toBlockId", "typeCode", "plannedMinutes", "includeInOee", "complexityTier") VALUES (26, 48, 120, 130, 'CO-2', 33, true, 'Standard');
INSERT INTO "OperatorCompetency" (id, "operatorId", "skillId", level, "certifiedAt", "expiresAt", "certifiedBy") VALUES (261, 81, 108, 5, NULL, NULL, NULL);
INSERT INTO "OperatorCompetency" (id, "operatorId", "skillId", level, "certifiedAt", "expiresAt", "certifiedBy") VALUES (262, 81, 113, 1, '2025-05-13T18:50:48.437Z', '2027-08-02T14:06:22.291Z', 'Training Dept');
INSERT INTO "OperatorCompetency" (id, "operatorId", "skillId", level, "certifiedAt", "expiresAt", "certifiedBy") VALUES (263, 81, 107, 2, NULL, NULL, NULL);
INSERT INTO "OperatorCompetency" (id, "operatorId", "skillId", level, "certifiedAt", "expiresAt", "certifiedBy") VALUES (264, 81, 114, 5, '2024-10-23T07:39:56.725Z', '2026-08-07T14:06:22.291Z', 'Training Dept');
INSERT INTO "OperatorCompetency" (id, "operatorId", "skillId", level, "certifiedAt", "expiresAt", "certifiedBy") VALUES (265, 81, 112, 5, NULL, NULL, NULL);
INSERT INTO "OperatorCompetency" (id, "operatorId", "skillId", level, "certifiedAt", "expiresAt", "certifiedBy") VALUES (266, 82, 108, 3, NULL, NULL, NULL);
INSERT INTO "OperatorCompetency" (id, "operatorId", "skillId", level, "certifiedAt", "expiresAt", "certifiedBy") VALUES (267, 82, 113, 5, '2025-07-04T19:30:21.117Z', '2027-08-02T14:06:22.293Z', 'Training Dept');
INSERT INTO "OperatorCompetency" (id, "operatorId", "skillId", level, "certifiedAt", "expiresAt", "certifiedBy") VALUES (268, 83, 108, 2, NULL, NULL, NULL);
INSERT INTO "OperatorCompetency" (id, "operatorId", "skillId", level, "certifiedAt", "expiresAt", "certifiedBy") VALUES (269, 83, 113, 4, '2024-10-17T18:13:04.275Z', '2027-08-02T14:06:22.293Z', 'Training Dept');
INSERT INTO "OperatorCompetency" (id, "operatorId", "skillId", level, "certifiedAt", "expiresAt", "certifiedBy") VALUES (270, 83, 112, 3, NULL, NULL, NULL);
INSERT INTO "OperatorCompetency" (id, "operatorId", "skillId", level, "certifiedAt", "expiresAt", "certifiedBy") VALUES (271, 83, 107, 5, NULL, NULL, NULL);
INSERT INTO "OperatorCompetency" (id, "operatorId", "skillId", level, "certifiedAt", "expiresAt", "certifiedBy") VALUES (272, 84, 109, 4, NULL, NULL, NULL);
INSERT INTO "OperatorCompetency" (id, "operatorId", "skillId", level, "certifiedAt", "expiresAt", "certifiedBy") VALUES (273, 84, 108, 4, NULL, NULL, NULL);
INSERT INTO "OperatorCompetency" (id, "operatorId", "skillId", level, "certifiedAt", "expiresAt", "certifiedBy") VALUES (274, 85, 114, 1, '2024-10-17T11:54:47.481Z', '2026-08-07T14:06:22.295Z', 'Training Dept');
INSERT INTO "OperatorCompetency" (id, "operatorId", "skillId", level, "certifiedAt", "expiresAt", "certifiedBy") VALUES (275, 85, 109, 4, NULL, NULL, NULL);
INSERT INTO "OperatorCompetency" (id, "operatorId", "skillId", level, "certifiedAt", "expiresAt", "certifiedBy") VALUES (276, 86, 114, 5, '2024-08-23T19:44:38.260Z', '2026-08-07T14:06:22.296Z', 'Training Dept');
INSERT INTO "OperatorCompetency" (id, "operatorId", "skillId", level, "certifiedAt", "expiresAt", "certifiedBy") VALUES (277, 86, 108, 3, NULL, NULL, NULL);
INSERT INTO "OperatorCompetency" (id, "operatorId", "skillId", level, "certifiedAt", "expiresAt", "certifiedBy") VALUES (278, 86, 112, 5, NULL, NULL, NULL);
INSERT INTO "OperatorCompetency" (id, "operatorId", "skillId", level, "certifiedAt", "expiresAt", "certifiedBy") VALUES (279, 87, 112, 5, NULL, NULL, NULL);
INSERT INTO "OperatorCompetency" (id, "operatorId", "skillId", level, "certifiedAt", "expiresAt", "certifiedBy") VALUES (280, 87, 107, 5, NULL, NULL, NULL);
INSERT INTO "OperatorCompetency" (id, "operatorId", "skillId", level, "certifiedAt", "expiresAt", "certifiedBy") VALUES (281, 87, 110, 4, NULL, NULL, NULL);
INSERT INTO "OperatorCompetency" (id, "operatorId", "skillId", level, "certifiedAt", "expiresAt", "certifiedBy") VALUES (282, 87, 108, 5, NULL, NULL, NULL);
INSERT INTO "OperatorCompetency" (id, "operatorId", "skillId", level, "certifiedAt", "expiresAt", "certifiedBy") VALUES (283, 87, 114, 5, '2025-07-07T23:40:27.397Z', '2026-08-07T14:06:22.298Z', 'Training Dept');
INSERT INTO "OperatorCompetency" (id, "operatorId", "skillId", level, "certifiedAt", "expiresAt", "certifiedBy") VALUES (284, 88, 112, 1, NULL, NULL, NULL);
INSERT INTO "OperatorCompetency" (id, "operatorId", "skillId", level, "certifiedAt", "expiresAt", "certifiedBy") VALUES (285, 88, 111, 2, '2025-07-28T07:21:07.195Z', '2028-07-27T14:06:22.298Z', 'Training Dept');
INSERT INTO "OperatorCompetency" (id, "operatorId", "skillId", level, "certifiedAt", "expiresAt", "certifiedBy") VALUES (286, 88, 109, 2, NULL, NULL, NULL);
INSERT INTO "OperatorCompetency" (id, "operatorId", "skillId", level, "certifiedAt", "expiresAt", "certifiedBy") VALUES (287, 89, 107, 4, NULL, NULL, NULL);
INSERT INTO "OperatorCompetency" (id, "operatorId", "skillId", level, "certifiedAt", "expiresAt", "certifiedBy") VALUES (288, 89, 111, 3, '2025-03-14T02:54:16.345Z', '2028-07-27T14:06:22.299Z', 'Training Dept');
INSERT INTO "OperatorCompetency" (id, "operatorId", "skillId", level, "certifiedAt", "expiresAt", "certifiedBy") VALUES (289, 90, 113, 5, '2024-11-13T02:19:20.234Z', '2027-08-02T14:06:22.300Z', 'Training Dept');
INSERT INTO "OperatorCompetency" (id, "operatorId", "skillId", level, "certifiedAt", "expiresAt", "certifiedBy") VALUES (290, 90, 112, 3, NULL, NULL, NULL);
INSERT INTO "OperatorCompetency" (id, "operatorId", "skillId", level, "certifiedAt", "expiresAt", "certifiedBy") VALUES (291, 90, 109, 1, NULL, NULL, NULL);
INSERT INTO "OperatorCompetency" (id, "operatorId", "skillId", level, "certifiedAt", "expiresAt", "certifiedBy") VALUES (292, 90, 111, 2, '2024-10-10T07:22:53.690Z', '2028-07-27T14:06:22.301Z', 'Training Dept');
INSERT INTO "OperatorCompetency" (id, "operatorId", "skillId", level, "certifiedAt", "expiresAt", "certifiedBy") VALUES (293, 90, 108, 5, NULL, NULL, NULL);
INSERT INTO "ShiftAssignment" (id, "operatorId", "workcenterId", "shiftPatternId", "startDate", "endDate", "createdAt", "updatedAt") VALUES (64, 81, 46, 40, '2025-07-13T14:06:22.302Z', '2026-08-12T14:06:22.302Z', '2025-08-12T14:06:22.303Z', '2025-08-12T14:06:22.303Z');
INSERT INTO "ShiftAssignment" (id, "operatorId", "workcenterId", "shiftPatternId", "startDate", "endDate", "createdAt", "updatedAt") VALUES (65, 82, 46, 40, '2025-07-13T14:06:22.303Z', '2026-08-12T14:06:22.303Z', '2025-08-12T14:06:22.303Z', '2025-08-12T14:06:22.303Z');
INSERT INTO "ShiftAssignment" (id, "operatorId", "workcenterId", "shiftPatternId", "startDate", "endDate", "createdAt", "updatedAt") VALUES (66, 83, 49, 40, '2025-07-13T14:06:22.303Z', '2026-08-12T14:06:22.303Z', '2025-08-12T14:06:22.304Z', '2025-08-12T14:06:22.304Z');
INSERT INTO "ShiftAssignment" (id, "operatorId", "workcenterId", "shiftPatternId", "startDate", "endDate", "createdAt", "updatedAt") VALUES (67, 84, 46, 40, '2025-07-13T14:06:22.304Z', '2026-08-12T14:06:22.304Z', '2025-08-12T14:06:22.304Z', '2025-08-12T14:06:22.304Z');
INSERT INTO "ShiftAssignment" (id, "operatorId", "workcenterId", "shiftPatternId", "startDate", "endDate", "createdAt", "updatedAt") VALUES (68, 85, 50, 42, '2025-07-13T14:06:22.304Z', '2026-08-12T14:06:22.304Z', '2025-08-12T14:06:22.305Z', '2025-08-12T14:06:22.305Z');
INSERT INTO "ShiftAssignment" (id, "operatorId", "workcenterId", "shiftPatternId", "startDate", "endDate", "createdAt", "updatedAt") VALUES (69, 86, 46, 40, '2025-07-13T14:06:22.304Z', '2026-08-12T14:06:22.304Z', '2025-08-12T14:06:22.305Z', '2025-08-12T14:06:22.305Z');
INSERT INTO "ShiftAssignment" (id, "operatorId", "workcenterId", "shiftPatternId", "startDate", "endDate", "createdAt", "updatedAt") VALUES (70, 87, 49, 40, '2025-07-13T14:06:22.305Z', '2026-08-12T14:06:22.305Z', '2025-08-12T14:06:22.305Z', '2025-08-12T14:06:22.305Z');
INSERT INTO "ShiftAssignment" (id, "operatorId", "workcenterId", "shiftPatternId", "startDate", "endDate", "createdAt", "updatedAt") VALUES (71, 88, 46, 40, '2025-07-13T14:06:22.305Z', '2026-08-12T14:06:22.305Z', '2025-08-12T14:06:22.306Z', '2025-08-12T14:06:22.306Z');
INSERT INTO "ShiftAssignment" (id, "operatorId", "workcenterId", "shiftPatternId", "startDate", "endDate", "createdAt", "updatedAt") VALUES (72, 89, 46, 42, '2025-07-13T14:06:22.306Z', '2026-08-12T14:06:22.306Z', '2025-08-12T14:06:22.306Z', '2025-08-12T14:06:22.306Z');
INSERT INTO "ShiftAssignment" (id, "operatorId", "workcenterId", "shiftPatternId", "startDate", "endDate", "createdAt", "updatedAt") VALUES (73, 90, 50, 40, '2025-07-13T14:06:22.306Z', '2026-08-12T14:06:22.306Z', '2025-08-12T14:06:22.306Z', '2025-08-12T14:06:22.306Z');
INSERT INTO "Holiday" (id, "plantId", date, label) VALUES (31, 10, '2025-01-01T06:00:00.000Z', 'New Year''s Day');
INSERT INTO "Holiday" (id, "plantId", date, label) VALUES (32, 10, '2025-07-04T05:00:00.000Z', 'Independence Day');
INSERT INTO "Holiday" (id, "plantId", date, label) VALUES (33, 10, '2025-09-04T05:00:00.000Z', 'Labor Day');
INSERT INTO "Holiday" (id, "plantId", date, label) VALUES (34, 10, '2025-11-23T06:00:00.000Z', 'Thanksgiving');
INSERT INTO "Holiday" (id, "plantId", date, label) VALUES (35, 10, '2025-12-25T06:00:00.000Z', 'Christmas Day');
